mode,threshold,batches,sequences,early_exit_rate,mean_generated_tokens,mean_tokens_saved_vs_full,proxy_action_mse_vs_gt
maxprob,0.55,50,1600,0.15,13.7,2.0,0.024
maxprob,0.65,50,1600,0.32,13.209511740911527,3.2262206477211848,0.02058060461173628
maxprob,0.75,50,1600,0.49,12.76544215439046,4.3363946140238525,0.01616770632690571
maxprob,0.85,50,1600,0.66,12.371532799516407,5.321168001208981,0.012520015006799109
maxprob,0.92,50,1600,0.8300000000000001,11.985408149718475,6.286479625703811,0.010692712758272774
